-- ============================================================
-- WayTrip 初始化演示数据
-- 目标：提供可重复导入、联动完整、贴近真实业务场景的发布前初始化数据
-- 说明：采用显式主键，避免依赖自增顺序导致关联错位
-- ============================================================

USE `waytrip_db`;

SET NAMES utf8mb4;
SET FOREIGN_KEY_CHECKS = 0;

TRUNCATE TABLE `user_spot_view`;
TRUNCATE TABLE `user_spot_review`;
TRUNCATE TABLE `user_spot_favorite`;
TRUNCATE TABLE `user_preference`;
TRUNCATE TABLE `guide_spot_relation`;
TRUNCATE TABLE `spot_image`;
TRUNCATE TABLE `spot_banner`;
TRUNCATE TABLE `order`;
TRUNCATE TABLE `guide`;
TRUNCATE TABLE `spot`;
TRUNCATE TABLE `user`;
TRUNCATE TABLE `admin`;
TRUNCATE TABLE `spot_category`;
TRUNCATE TABLE `spot_region`;

SET FOREIGN_KEY_CHECKS = 1;

-- 1. 管理员
-- 默认密码：admin123
INSERT INTO `admin`
  (`id`, `username`, `password`, `real_name`, `is_enabled`, `is_deleted`, `last_login_at`, `created_at`, `updated_at`)
VALUES
  (1, 'admin', '$2a$10$72UGLb5e/zcaJYQwn.bdPu4c6j/HVujWM5slBk3H0AIH.iLxjmrpS', '系统管理员', 1, 0, '2026-04-04 21:15:00', '2025-01-01 09:00:00', '2026-04-04 21:15:00'),
  (2, 'content_editor', '$2a$10$72UGLb5e/zcaJYQwn.bdPu4c6j/HVujWM5slBk3H0AIH.iLxjmrpS', '内容编辑宋清', 1, 0, '2026-04-03 18:42:00', '2025-03-12 10:30:00', '2026-04-03 18:42:00'),
  (3, 'ops_manager', '$2a$10$72UGLb5e/zcaJYQwn.bdPu4c6j/HVujWM5slBk3H0AIH.iLxjmrpS', '运营负责人周岚', 1, 0, '2026-04-05 08:25:00', '2025-05-08 14:20:00', '2026-04-05 08:25:00'),
  (4, 'data_viewer', '$2a$10$72UGLb5e/zcaJYQwn.bdPu4c6j/HVujWM5slBk3H0AIH.iLxjmrpS', '数据分析顾一鸣', 1, 0, '2026-04-02 09:05:00', '2025-08-18 11:00:00', '2026-04-02 09:05:00');

-- 2. 地区
INSERT INTO `spot_region`
  (`id`, `parent_id`, `name`, `sort_order`, `is_deleted`, `created_at`, `updated_at`)
VALUES
  (1, 0, '北京', 1, 0, '2025-01-01 00:00:00', '2025-01-01 00:00:00'),
  (2, 0, '上海', 2, 0, '2025-01-01 00:00:00', '2025-01-01 00:00:00'),
  (3, 0, '广东', 3, 0, '2025-01-01 00:00:00', '2025-01-01 00:00:00'),
  (4, 0, '浙江', 4, 0, '2025-01-01 00:00:00', '2025-01-01 00:00:00'),
  (5, 0, '四川', 5, 0, '2025-01-01 00:00:00', '2025-01-01 00:00:00'),
  (6, 0, '陕西', 6, 0, '2025-01-01 00:00:00', '2025-01-01 00:00:00'),
  (7, 0, '重庆', 7, 0, '2025-01-01 00:00:00', '2025-01-01 00:00:00'),
  (8, 0, '江苏', 8, 0, '2025-01-01 00:00:00', '2025-01-01 00:00:00'),
  (9, 0, '湖南', 9, 0, '2025-01-01 00:00:00', '2025-01-01 00:00:00'),
  (10, 0, '福建', 10, 0, '2025-01-01 00:00:00', '2025-01-01 00:00:00'),
  (11, 1, '北京市', 1, 0, '2025-01-01 00:00:00', '2025-01-01 00:00:00'),
  (12, 2, '上海市', 1, 0, '2025-01-01 00:00:00', '2025-01-01 00:00:00'),
  (13, 3, '广州市', 1, 0, '2025-01-01 00:00:00', '2025-01-01 00:00:00'),
  (14, 3, '深圳市', 2, 0, '2025-01-01 00:00:00', '2025-01-01 00:00:00'),
  (15, 4, '杭州市', 1, 0, '2025-01-01 00:00:00', '2025-01-01 00:00:00'),
  (16, 5, '成都市', 1, 0, '2025-01-01 00:00:00', '2025-01-01 00:00:00'),
  (17, 6, '西安市', 1, 0, '2025-01-01 00:00:00', '2025-01-01 00:00:00'),
  (18, 7, '重庆市', 1, 0, '2025-01-01 00:00:00', '2025-01-01 00:00:00'),
  (19, 8, '南京市', 1, 0, '2025-01-01 00:00:00', '2025-01-01 00:00:00'),
  (20, 8, '苏州市', 2, 0, '2025-01-01 00:00:00', '2025-01-01 00:00:00'),
  (21, 9, '长沙市', 1, 0, '2025-01-01 00:00:00', '2025-01-01 00:00:00'),
  (22, 10, '厦门市', 1, 0, '2025-01-01 00:00:00', '2025-01-01 00:00:00');

-- 3. 分类
INSERT INTO `spot_category`
  (`id`, `parent_id`, `name`, `icon_url`, `sort_order`, `is_deleted`, `created_at`, `updated_at`)
VALUES
  (1, 0, '自然风光', '/uploads/icons/default.png', 1, 0, '2025-01-01 00:00:00', '2025-01-01 00:00:00'),
  (2, 0, '历史文化', '/uploads/icons/default.png', 2, 0, '2025-01-01 00:00:00', '2025-01-01 00:00:00'),
  (3, 0, '主题乐园', '/uploads/icons/default.png', 3, 0, '2025-01-01 00:00:00', '2025-01-01 00:00:00'),
  (4, 0, '城市观光', '/uploads/icons/default.png', 4, 0, '2025-01-01 00:00:00', '2025-01-01 00:00:00'),
  (5, 0, '休闲度假', '/uploads/icons/default.png', 5, 0, '2025-01-01 00:00:00', '2025-01-01 00:00:00'),
  (6, 0, '户外探险', '/uploads/icons/default.png', 6, 0, '2025-01-01 00:00:00', '2025-01-01 00:00:00'),
  (7, 1, '湖泊', '/uploads/icons/default.png', 1, 0, '2025-01-01 00:00:00', '2025-01-01 00:00:00'),
  (8, 1, '山岳', '/uploads/icons/default.png', 2, 0, '2025-01-01 00:00:00', '2025-01-01 00:00:00'),
  (9, 1, '森林公园', '/uploads/icons/default.png', 3, 0, '2025-01-01 00:00:00', '2025-01-01 00:00:00'),
  (10, 2, '古建筑/宫殿', '/uploads/icons/default.png', 1, 0, '2025-01-01 00:00:00', '2025-01-01 00:00:00'),
  (11, 2, '博物馆', '/uploads/icons/default.png', 2, 0, '2025-01-01 00:00:00', '2025-01-01 00:00:00'),
  (12, 2, '古镇古村', '/uploads/icons/default.png', 3, 0, '2025-01-01 00:00:00', '2025-01-01 00:00:00'),
  (13, 3, '游乐园', '/uploads/icons/default.png', 1, 0, '2025-01-01 00:00:00', '2025-01-01 00:00:00'),
  (14, 3, '水上乐园', '/uploads/icons/default.png', 2, 0, '2025-01-01 00:00:00', '2025-01-01 00:00:00'),
  (15, 4, '地标建筑', '/uploads/icons/default.png', 1, 0, '2025-01-01 00:00:00', '2025-01-01 00:00:00'),
  (16, 4, '特色街区', '/uploads/icons/default.png', 2, 0, '2025-01-01 00:00:00', '2025-01-01 00:00:00'),
  (17, 5, '温泉度假', '/uploads/icons/default.png', 1, 0, '2025-01-01 00:00:00', '2025-01-01 00:00:00'),
  (18, 5, '海滨沙滩', '/uploads/icons/default.png', 2, 0, '2025-01-01 00:00:00', '2025-01-01 00:00:00'),
  (19, 6, '徒步登山', '/uploads/icons/default.png', 1, 0, '2025-01-01 00:00:00', '2025-01-01 00:00:00'),
  (20, 6, '漂流攀岩', '/uploads/icons/default.png', 2, 0, '2025-01-01 00:00:00', '2025-01-01 00:00:00');

-- 4. 景点
INSERT INTO `spot`
  (`id`, `name`, `description`, `price`, `open_time`, `address`, `latitude`, `longitude`, `cover_image_url`,
   `category_id`, `region_id`, `heat_level`, `heat_score`, `avg_rating`, `rating_count`,
   `is_published`, `is_deleted`, `created_at`, `updated_at`)
VALUES
  (1, '故宫博物院', '明清两代皇家宫殿建筑群，适合历史文化深度游、亲子研学和中轴线主题行程，旺季需提前预约。', 60.00, '08:30-17:00（周一闭馆）', '北京市东城区景山前街4号', 39.9163450, 116.3971550, '/uploads/spot/default/cover/default.jpg', 10, 11, 3, 9850, 4.7, 3, 1, 0, '2025-01-10 09:00:00', '2026-04-01 10:30:00'),
  (2, '颐和园', '皇家园林代表景区，昆明湖、长廊、佛香阁组合完整，适合半日到一日慢游。', 30.00, '06:30-18:00', '北京市海淀区新建宫门路19号', 39.9993670, 116.2756250, '/uploads/spot/default/cover/default.jpg', 10, 11, 2, 8520, 4.3, 3, 1, 0, '2025-01-10 09:10:00', '2026-04-01 10:35:00'),
  (3, '上海迪士尼乐园', '华东最热门的主题乐园之一，适合亲子、情侣和短假期目的地型出游。', 475.00, '08:30-20:30', '上海市浦东新区川沙新镇黄赵路310号', 31.1439040, 121.6694720, '/uploads/spot/default/cover/default.jpg', 13, 12, 3, 9720, 4.7, 3, 1, 0, '2025-01-12 10:00:00', '2026-04-02 09:45:00'),
  (4, '外滩', '上海经典滨江景观带，白天适合城市步行，夜间适合拍摄陆家嘴天际线。', 0.00, '全天开放', '上海市黄浦区中山东一路', 31.2400400, 121.4907900, '/uploads/spot/default/cover/default.jpg', 15, 12, 2, 7950, 4.5, 2, 1, 0, '2025-01-12 10:15:00', '2026-04-02 09:50:00'),
  (5, '西湖', '杭州城市名片型景区，免费开放，适合骑行、散步、泛舟和城市慢节奏旅行。', 0.00, '全天开放', '浙江省杭州市西湖区龙井路1号', 30.2428650, 120.1486810, '/uploads/spot/default/cover/default.jpg', 7, 15, 3, 9480, 4.7, 3, 1, 0, '2025-01-15 08:30:00', '2026-04-01 15:20:00'),
  (6, '灵隐飞来峰景区', '杭州经典文化景点，寺院氛围与山林环境兼具，适合清晨或工作日错峰游览。', 45.00, '06:30-18:00', '浙江省杭州市西湖区法云弄1号', 30.2448700, 120.1040300, '/uploads/spot/default/cover/default.jpg', 10, 15, 1, 6760, 4.5, 2, 1, 0, '2025-01-15 08:40:00', '2026-03-29 18:10:00'),
  (7, '成都大熊猫繁育研究基地', '成都高人气亲子景点，建议早上入园，熊猫活跃度更高，拍照体验更好。', 55.00, '07:30-18:00', '四川省成都市成华区外北熊猫大道1375号', 30.7340000, 104.1458000, '/uploads/spot/default/cover/default.jpg', 9, 16, 3, 9010, 4.7, 3, 1, 0, '2025-01-18 09:20:00', '2026-04-03 11:00:00'),
  (8, '都江堰景区', '世界文化遗产与水利工程景观结合的目的地，适合文化讲解和周边一日游。', 80.00, '08:00-18:00', '四川省成都市都江堰市公园路', 31.0036500, 103.6168800, '/uploads/spot/default/cover/default.jpg', 10, 16, 2, 7310, 4.5, 2, 1, 0, '2025-01-18 09:30:00', '2026-03-28 14:20:00'),
  (9, '秦始皇帝陵博物院（兵马俑）', '西安代表性历史景区，适合搭配华清宫、城墙等形成完整历史文化线路。', 120.00, '08:30-18:00', '陕西省西安市临潼区秦陵北路', 34.3844310, 109.2783570, '/uploads/spot/default/cover/default.jpg', 11, 17, 3, 8890, 4.7, 3, 1, 0, '2025-01-22 10:10:00', '2026-04-03 09:30:00'),
  (10, '洪崖洞民俗风貌区', '重庆夜景代表地，兼具吊脚楼视觉层次与餐饮商业氛围，节假日人流密集。', 0.00, '全天开放', '重庆市渝中区嘉陵江滨江路88号', 29.5630000, 106.5780000, '/uploads/spot/default/cover/default.jpg', 16, 18, 1, 7020, 3.5, 2, 1, 0, '2025-01-25 15:40:00', '2026-03-31 20:10:00'),
  (11, '广州塔', '广州核心地标建筑，适合观景、夜拍和城市会客厅式行程安排。', 150.00, '09:30-22:30', '广东省广州市海珠区阅江西路222号', 23.1085240, 113.3191440, '/uploads/spot/default/cover/default.jpg', 15, 13, 2, 7480, 4.7, 3, 1, 0, '2025-01-28 11:00:00', '2026-03-30 19:10:00'),
  (12, '深圳欢乐谷', '深圳成熟的大型游乐园，项目密集，适合周末整日安排和年轻游客组团出行。', 230.00, '10:00-22:00', '广东省深圳市南山区侨城西街18号', 22.5391730, 113.9732300, '/uploads/spot/default/cover/default.jpg', 13, 14, 2, 7240, 4.3, 3, 1, 0, '2025-01-28 11:15:00', '2026-03-30 19:25:00'),
  (13, '南京夫子庙', '南京经典秦淮文化街区，适合夜游、美食和老城步行线路衔接。', 0.00, '全天开放', '江苏省南京市秦淮区贡院西街53号', 32.0228190, 118.7923640, '/uploads/spot/default/cover/default.jpg', 16, 19, 1, 6680, 4.0, 2, 1, 0, '2025-02-01 09:00:00', '2026-03-29 17:20:00'),
  (14, '拙政园', '苏州古典园林代表作，游线紧凑、借景丰富，适合园林审美与江南城市短住。', 80.00, '07:30-17:30', '江苏省苏州市姑苏区东北街178号', 31.3269070, 120.6313240, '/uploads/spot/default/cover/default.jpg', 10, 20, 2, 7360, 4.7, 3, 1, 0, '2025-02-01 09:20:00', '2026-04-01 16:05:00'),
  (15, '橘子洲景区', '长沙城市休闲地标，适合晨跑、轻松散步和与岳麓山联动的一日游。', 0.00, '07:00-22:00', '湖南省长沙市岳麓区橘子洲头2号', 28.1916290, 112.9681610, '/uploads/spot/default/cover/default.jpg', 15, 21, 1, 6420, 4.5, 2, 1, 0, '2025-02-04 08:50:00', '2026-03-28 12:00:00'),
  (16, '鼓浪屿', '海岛步行型目的地，兼具近代建筑风貌、海滨氛围和城市度假属性。', 35.00, '全天开放', '福建省厦门市思明区鼓浪屿街道', 24.4486250, 118.0675360, '/uploads/spot/default/cover/default.jpg', 18, 22, 2, 7120, 4.3, 3, 1, 0, '2025-02-06 10:30:00', '2026-04-02 18:40:00');

-- 5. 景点图片
INSERT INTO `spot_image`
  (`id`, `spot_id`, `image_url`, `sort_order`, `is_deleted`, `created_at`, `updated_at`)
VALUES
  (1, 1, '/uploads/spot/default/gallery/default.jpg', 1, 0, '2025-01-10 09:05:00', '2025-01-10 09:05:00'),
  (2, 1, '/uploads/spot/default/gallery/default.jpg', 2, 0, '2025-01-10 09:05:00', '2025-01-10 09:05:00'),
  (3, 1, '/uploads/spot/default/gallery/default.jpg', 3, 0, '2025-01-10 09:05:00', '2025-01-10 09:05:00'),
  (4, 2, '/uploads/spot/default/gallery/default.jpg', 1, 0, '2025-01-10 09:15:00', '2025-01-10 09:15:00'),
  (5, 2, '/uploads/spot/default/gallery/default.jpg', 2, 0, '2025-01-10 09:15:00', '2025-01-10 09:15:00'),
  (6, 3, '/uploads/spot/default/gallery/default.jpg', 1, 0, '2025-01-12 10:05:00', '2025-01-12 10:05:00'),
  (7, 3, '/uploads/spot/default/gallery/default.jpg', 2, 0, '2025-01-12 10:05:00', '2025-01-12 10:05:00'),
  (8, 3, '/uploads/spot/default/gallery/default.jpg', 3, 0, '2025-01-12 10:05:00', '2025-01-12 10:05:00'),
  (9, 4, '/uploads/spot/default/gallery/default.jpg', 1, 0, '2025-01-12 10:20:00', '2025-01-12 10:20:00'),
  (10, 4, '/uploads/spot/default/gallery/default.jpg', 2, 0, '2025-01-12 10:20:00', '2025-01-12 10:20:00'),
  (11, 5, '/uploads/spot/default/gallery/default.jpg', 1, 0, '2025-01-15 08:35:00', '2025-01-15 08:35:00'),
  (12, 5, '/uploads/spot/default/gallery/default.jpg', 2, 0, '2025-01-15 08:35:00', '2025-01-15 08:35:00'),
  (13, 5, '/uploads/spot/default/gallery/default.jpg', 3, 0, '2025-01-15 08:35:00', '2025-01-15 08:35:00'),
  (14, 6, '/uploads/spot/default/gallery/default.jpg', 1, 0, '2025-01-15 08:45:00', '2025-01-15 08:45:00'),
  (15, 6, '/uploads/spot/default/gallery/default.jpg', 2, 0, '2025-01-15 08:45:00', '2025-01-15 08:45:00'),
  (16, 7, '/uploads/spot/default/gallery/default.jpg', 1, 0, '2025-01-18 09:25:00', '2025-01-18 09:25:00'),
  (17, 7, '/uploads/spot/default/gallery/default.jpg', 2, 0, '2025-01-18 09:25:00', '2025-01-18 09:25:00'),
  (18, 7, '/uploads/spot/default/gallery/default.jpg', 3, 0, '2025-01-18 09:25:00', '2025-01-18 09:25:00'),
  (19, 8, '/uploads/spot/default/gallery/default.jpg', 1, 0, '2025-01-18 09:35:00', '2025-01-18 09:35:00'),
  (20, 8, '/uploads/spot/default/gallery/default.jpg', 2, 0, '2025-01-18 09:35:00', '2025-01-18 09:35:00'),
  (21, 9, '/uploads/spot/default/gallery/default.jpg', 1, 0, '2025-01-22 10:15:00', '2025-01-22 10:15:00'),
  (22, 9, '/uploads/spot/default/gallery/default.jpg', 2, 0, '2025-01-22 10:15:00', '2025-01-22 10:15:00'),
  (23, 9, '/uploads/spot/default/gallery/default.jpg', 3, 0, '2025-01-22 10:15:00', '2025-01-22 10:15:00'),
  (24, 10, '/uploads/spot/default/gallery/default.jpg', 1, 0, '2025-01-25 15:45:00', '2025-01-25 15:45:00'),
  (25, 10, '/uploads/spot/default/gallery/default.jpg', 2, 0, '2025-01-25 15:45:00', '2025-01-25 15:45:00'),
  (26, 11, '/uploads/spot/default/gallery/default.jpg', 1, 0, '2025-01-28 11:05:00', '2025-01-28 11:05:00'),
  (27, 11, '/uploads/spot/default/gallery/default.jpg', 2, 0, '2025-01-28 11:05:00', '2025-01-28 11:05:00'),
  (28, 11, '/uploads/spot/default/gallery/default.jpg', 3, 0, '2025-01-28 11:05:00', '2025-01-28 11:05:00'),
  (29, 12, '/uploads/spot/default/gallery/default.jpg', 1, 0, '2025-01-28 11:20:00', '2025-01-28 11:20:00'),
  (30, 12, '/uploads/spot/default/gallery/default.jpg', 2, 0, '2025-01-28 11:20:00', '2025-01-28 11:20:00'),
  (31, 13, '/uploads/spot/default/gallery/default.jpg', 1, 0, '2025-02-01 09:05:00', '2025-02-01 09:05:00'),
  (32, 13, '/uploads/spot/default/gallery/default.jpg', 2, 0, '2025-02-01 09:05:00', '2025-02-01 09:05:00'),
  (33, 14, '/uploads/spot/default/gallery/default.jpg', 1, 0, '2025-02-01 09:25:00', '2025-02-01 09:25:00'),
  (34, 14, '/uploads/spot/default/gallery/default.jpg', 2, 0, '2025-02-01 09:25:00', '2025-02-01 09:25:00'),
  (35, 14, '/uploads/spot/default/gallery/default.jpg', 3, 0, '2025-02-01 09:25:00', '2025-02-01 09:25:00'),
  (36, 15, '/uploads/spot/default/gallery/default.jpg', 1, 0, '2025-02-04 08:55:00', '2025-02-04 08:55:00'),
  (37, 15, '/uploads/spot/default/gallery/default.jpg', 2, 0, '2025-02-04 08:55:00', '2025-02-04 08:55:00'),
  (38, 16, '/uploads/spot/default/gallery/default.jpg', 1, 0, '2025-02-06 10:35:00', '2025-02-06 10:35:00'),
  (39, 16, '/uploads/spot/default/gallery/default.jpg', 2, 0, '2025-02-06 10:35:00', '2025-02-06 10:35:00'),
  (40, 16, '/uploads/spot/default/gallery/default.jpg', 3, 0, '2025-02-06 10:35:00', '2025-02-06 10:35:00');

-- 6. 首页轮播
INSERT INTO `spot_banner`
  (`id`, `image_url`, `spot_id`, `sort_order`, `is_enabled`, `is_deleted`, `created_at`, `updated_at`)
VALUES
  (1, '/uploads/banner/default.jpg', 1, 1, 1, 0, '2026-03-20 10:00:00', '2026-03-20 10:00:00'),
  (2, '/uploads/banner/default.jpg', 3, 2, 1, 0, '2026-03-20 10:05:00', '2026-03-20 10:05:00'),
  (3, '/uploads/banner/default.jpg', 5, 3, 1, 0, '2026-03-20 10:10:00', '2026-03-20 10:10:00'),
  (4, '/uploads/banner/default.jpg', 7, 4, 1, 0, '2026-03-20 10:15:00', '2026-03-20 10:15:00'),
  (5, '/uploads/banner/default.jpg', 9, 5, 1, 0, '2026-03-20 10:20:00', '2026-03-20 10:20:00'),
  (6, '/uploads/banner/default.jpg', 16, 6, 1, 0, '2026-03-20 10:25:00', '2026-03-20 10:25:00'),
  (7, '/uploads/banner/default.jpg', 11, 7, 1, 0, '2026-03-20 10:30:00', '2026-03-20 10:30:00'),
  (8, '/uploads/banner/default.jpg', 14, 8, 1, 0, '2026-03-20 10:35:00', '2026-03-20 10:35:00');

-- 7. 用户
-- Web 端默认密码：123456
INSERT INTO `user`
  (`id`, `openid`, `nickname`, `phone`, `password`, `avatar_url`, `is_deleted`, `last_login_at`, `created_at`, `updated_at`)
VALUES
  (1, NULL, '林舟', '13800000001', '$2a$10$kNs.tGrq9fm.h/4yF51JUe9DGyC1Jb8nTt9KYsFHBybPvmqBqfoOm', '/uploads/avatar/avatar.jpg', 0, '2026-04-04 22:10:00', '2025-06-12 09:00:00', '2026-04-04 22:10:00'),
  (2, NULL, '陈溪', '13800000002', '$2a$10$kNs.tGrq9fm.h/4yF51JUe9DGyC1Jb8nTt9KYsFHBybPvmqBqfoOm', '/uploads/avatar/avatar.jpg', 0, '2026-04-03 20:45:00', '2025-07-02 14:10:00', '2026-04-03 20:45:00'),
  (3, NULL, '苏禾', '13800000003', '$2a$10$kNs.tGrq9fm.h/4yF51JUe9DGyC1Jb8nTt9KYsFHBybPvmqBqfoOm', '/uploads/avatar/avatar.jpg', 0, '2026-04-05 07:56:00', '2025-07-18 11:40:00', '2026-04-05 07:56:00'),
  (4, NULL, '温宁', '13800000004', '$2a$10$kNs.tGrq9fm.h/4yF51JUe9DGyC1Jb8nTt9KYsFHBybPvmqBqfoOm', '/uploads/avatar/avatar.jpg', 0, '2026-04-02 23:14:00', '2025-08-08 16:20:00', '2026-04-02 23:14:00'),
  (5, NULL, '江月', '13800000005', '$2a$10$kNs.tGrq9fm.h/4yF51JUe9DGyC1Jb8nTt9KYsFHBybPvmqBqfoOm', '/uploads/avatar/avatar.jpg', 0, '2026-04-03 11:12:00', '2025-08-30 10:05:00', '2026-04-03 11:12:00'),
  (6, NULL, '程野', '13800000006', '$2a$10$kNs.tGrq9fm.h/4yF51JUe9DGyC1Jb8nTt9KYsFHBybPvmqBqfoOm', '/uploads/avatar/avatar.jpg', 0, '2026-04-01 19:40:00', '2025-09-16 09:35:00', '2026-04-01 19:40:00'),
  (7, 'wx_openid_1007', '言午', '13800000007', NULL, '/uploads/avatar/avatar.jpg', 0, '2026-04-04 09:25:00', '2025-10-09 13:15:00', '2026-04-04 09:25:00'),
  (8, 'wx_openid_1008', '可可妈', '13800000008', NULL, '/uploads/avatar/avatar.jpg', 0, '2026-04-04 20:05:00', '2025-10-21 18:40:00', '2026-04-04 20:05:00'),
  (9, 'wx_openid_1009', '阿曜', '13800000009', NULL, '/uploads/avatar/avatar.jpg', 0, '2026-04-05 08:02:00', '2025-11-07 12:00:00', '2026-04-05 08:02:00'),
  (10, 'wx_openid_1010', 'Mina', '13800000010', NULL, '/uploads/avatar/avatar.jpg', 0, '2026-04-02 17:48:00', '2025-11-18 15:55:00', '2026-04-02 17:48:00');

-- 8. 用户偏好
INSERT INTO `user_preference`
  (`id`, `user_id`, `tag`, `is_deleted`, `created_at`, `updated_at`)
VALUES
  (1, 1, '2', 0, '2025-06-12 09:10:00', '2025-06-12 09:10:00'),
  (2, 1, '4', 0, '2025-06-12 09:10:00', '2025-06-12 09:10:00'),
  (3, 1, '10', 0, '2025-06-12 09:12:00', '2025-06-12 09:12:00'),
  (4, 2, '1', 0, '2025-07-02 14:20:00', '2025-07-02 14:20:00'),
  (5, 2, '7', 0, '2025-07-02 14:20:00', '2025-07-02 14:20:00'),
  (6, 2, '5', 0, '2025-07-02 14:22:00', '2025-07-02 14:22:00'),
  (7, 3, '2', 0, '2025-07-18 11:45:00', '2025-07-18 11:45:00'),
  (8, 3, '11', 0, '2025-07-18 11:45:00', '2025-07-18 11:45:00'),
  (9, 3, '16', 0, '2025-07-18 11:48:00', '2025-07-18 11:48:00'),
  (10, 4, '3', 0, '2025-08-08 16:25:00', '2025-08-08 16:25:00'),
  (11, 4, '13', 0, '2025-08-08 16:25:00', '2025-08-08 16:25:00'),
  (12, 4, '4', 0, '2025-08-08 16:27:00', '2025-08-08 16:27:00'),
  (13, 5, '1', 0, '2025-08-30 10:10:00', '2025-08-30 10:10:00'),
  (14, 5, '9', 0, '2025-08-30 10:10:00', '2025-08-30 10:10:00'),
  (15, 6, '6', 0, '2025-09-16 09:40:00', '2025-09-16 09:40:00'),
  (16, 6, '19', 0, '2025-09-16 09:40:00', '2025-09-16 09:40:00'),
  (17, 6, '1', 0, '2025-09-16 09:42:00', '2025-09-16 09:42:00'),
  (18, 7, '2', 0, '2025-10-09 13:20:00', '2025-10-09 13:20:00'),
  (19, 7, '12', 0, '2025-10-09 13:20:00', '2025-10-09 13:20:00'),
  (20, 8, '3', 0, '2025-10-21 18:45:00', '2025-10-21 18:45:00'),
  (21, 8, '13', 0, '2025-10-21 18:46:00', '2025-10-21 18:46:00'),
  (22, 9, '4', 0, '2025-11-07 12:05:00', '2025-11-07 12:05:00'),
  (23, 9, '18', 0, '2025-11-07 12:05:00', '2025-11-07 12:05:00'),
  (24, 10, '5', 0, '2025-11-18 16:00:00', '2025-11-18 16:00:00'),
  (25, 10, '18', 0, '2025-11-18 16:00:00', '2025-11-18 16:00:00'),
  (26, 10, '4', 0, '2025-11-18 16:02:00', '2025-11-18 16:02:00');

-- 9. 攻略
INSERT INTO `guide`
  (`id`, `title`, `content`, `cover_image_url`, `category`, `admin_id`, `view_count`, `is_published`, `is_deleted`, `created_at`, `updated_at`)
VALUES
  (1, '北京中轴线经典两日游', '<h2>Day 1</h2><p>上午预约故宫，下午从景山公园俯瞰中轴线，傍晚可补充王府井或前门步行。</p><h2>Day 2</h2><p>早上去颐和园避开团队客流，重点看长廊、佛香阁和昆明湖西堤。</p><p>建议穿舒适鞋，单日步数通常会超过 15000 步。</p>', '/uploads/guide/default.jpg', '行程规划', 1, 4260, 1, 0, '2026-02-10 09:00:00', '2026-04-02 18:00:00'),
  (2, '上海亲子乐园与夜景路线', '<h2>适合人群</h2><p>亲子家庭、情侣和周末短途游客。</p><h2>路线建议</h2><p>白天安排上海迪士尼乐园，晚上回市区补外滩夜景，避免次日重复奔波。</p><p>如携带儿童，建议优先保证午间休息和巡游时段。</p>', '/uploads/guide/default.jpg', '亲子出游', 2, 3880, 1, 0, '2026-02-15 11:20:00', '2026-04-01 16:30:00'),
  (3, '杭州慢游：西湖到灵隐的一天', '<h2>上午</h2><p>西湖沿线建议从断桥或湖滨出发，避开中午最拥挤时段。</p><h2>下午</h2><p>转往灵隐飞来峰，适合把城市慢游和人文景点组合成完整一天。</p><p>若预算充足，可加龙井村或茶空间体验。</p>', '/uploads/guide/default.jpg', '城市漫游', 2, 3015, 1, 0, '2026-02-18 14:10:00', '2026-03-30 13:00:00'),
  (4, '成都大熊猫与都江堰周边游', '<h2>第一站</h2><p>熊猫基地建议早于 9 点入园，拍照与观赏体验最佳。</p><h2>第二站</h2><p>都江堰更适合安排在天气清朗的下午，可搭配讲解服务理解古代水利工程。</p>', '/uploads/guide/default.jpg', '周边联游', 3, 2790, 1, 0, '2026-02-22 10:00:00', '2026-03-31 11:15:00'),
  (5, '西安历史文化深度游', '<h2>推荐组合</h2><p>兵马俑建议与华清宫联动，再回到城内串联城墙、钟鼓楼与回民街。</p><p>如果对历史讲解有需求，建议选择人工讲解或专业讲解器，体验差异明显。</p>', '/uploads/guide/default.jpg', '文化深度游', 1, 3350, 1, 0, '2026-02-25 09:30:00', '2026-04-01 10:00:00'),
  (6, '长三角园林与夜游精选路线', '<h2>白天</h2><p>拙政园适合慢逛，建议预留半天而不是打卡式快进。</p><h2>晚上</h2><p>南京夫子庙更适合夜游、拍照和小吃体验，可作为周末两城路线的第二站。</p>', '/uploads/guide/default.jpg', '城市漫游', 3, 2426, 1, 0, '2026-03-01 15:00:00', '2026-04-03 12:20:00'),
  (7, '华南城市地标拍照清单', '<h2>广州</h2><p>广州塔适合夜景和江景同框；建议提前关注登塔天气。</p><h2>深圳</h2><p>欢乐谷更偏体验型行程，若主打拍照可安排在傍晚和夜场阶段。</p><h2>厦门</h2><p>鼓浪屿适合步行和街巷取景，不建议拖大件行李进岛。</p>', '/uploads/guide/default.jpg', '拍照指南', 4, 2168, 1, 0, '2026-03-04 10:40:00', '2026-04-02 09:10:00'),
  (8, '长沙厦门轻度假三日思路', '<h2>Day 1</h2><p>长沙橘子洲与岳麓山轻徒步。</p><h2>Day 2-3</h2><p>切换到厦门，鼓浪屿适合做慢节奏海岛步行日程，晚上可返回中山路继续城市夜生活。</p>', '/uploads/guide/default.jpg', '休闲度假', 2, 1875, 1, 0, '2026-03-08 13:50:00', '2026-04-04 17:10:00');

-- 10. 攻略关联景点
INSERT INTO `guide_spot_relation`
  (`id`, `guide_id`, `spot_id`, `sort_order`, `is_deleted`, `created_at`, `updated_at`)
VALUES
  (1, 1, 1, 1, 0, '2026-02-10 09:10:00', '2026-02-10 09:10:00'),
  (2, 1, 2, 2, 0, '2026-02-10 09:10:00', '2026-02-10 09:10:00'),
  (3, 2, 3, 1, 0, '2026-02-15 11:30:00', '2026-02-15 11:30:00'),
  (4, 2, 4, 2, 0, '2026-02-15 11:30:00', '2026-02-15 11:30:00'),
  (5, 3, 5, 1, 0, '2026-02-18 14:15:00', '2026-02-18 14:15:00'),
  (6, 3, 6, 2, 0, '2026-02-18 14:15:00', '2026-02-18 14:15:00'),
  (7, 4, 7, 1, 0, '2026-02-22 10:05:00', '2026-02-22 10:05:00'),
  (8, 4, 8, 2, 0, '2026-02-22 10:05:00', '2026-02-22 10:05:00'),
  (9, 5, 9, 1, 0, '2026-02-25 09:35:00', '2026-02-25 09:35:00'),
  (10, 6, 14, 1, 0, '2026-03-01 15:05:00', '2026-03-01 15:05:00'),
  (11, 6, 13, 2, 0, '2026-03-01 15:05:00', '2026-03-01 15:05:00'),
  (12, 7, 11, 1, 0, '2026-03-04 10:45:00', '2026-03-04 10:45:00'),
  (13, 7, 12, 2, 0, '2026-03-04 10:45:00', '2026-03-04 10:45:00'),
  (14, 7, 16, 3, 0, '2026-03-04 10:45:00', '2026-03-04 10:45:00'),
  (15, 8, 15, 1, 0, '2026-03-08 14:00:00', '2026-03-08 14:00:00'),
  (16, 8, 16, 2, 0, '2026-03-08 14:00:00', '2026-03-08 14:00:00');

-- 11. 收藏
INSERT INTO `user_spot_favorite`
  (`id`, `user_id`, `spot_id`, `is_deleted`, `created_at`, `updated_at`)
VALUES
  (1, 1, 1, 0, '2026-01-12 10:05:00', '2026-01-12 10:05:00'),
  (2, 1, 9, 0, '2026-02-06 20:14:00', '2026-02-06 20:14:00'),
  (3, 1, 14, 0, '2026-03-12 19:30:00', '2026-03-12 19:30:00'),
  (4, 2, 5, 0, '2026-01-20 08:40:00', '2026-01-20 08:40:00'),
  (5, 2, 16, 0, '2026-02-18 22:05:00', '2026-02-18 22:05:00'),
  (6, 2, 15, 0, '2026-03-03 18:45:00', '2026-03-03 18:45:00'),
  (7, 3, 1, 0, '2026-01-25 16:10:00', '2026-01-25 16:10:00'),
  (8, 3, 9, 0, '2026-02-09 21:35:00', '2026-02-09 21:35:00'),
  (9, 3, 13, 0, '2026-03-18 14:12:00', '2026-03-18 14:12:00'),
  (10, 4, 3, 0, '2026-02-02 09:20:00', '2026-02-02 09:20:00'),
  (11, 4, 12, 0, '2026-02-16 20:50:00', '2026-02-16 20:50:00'),
  (12, 4, 4, 0, '2026-03-06 22:05:00', '2026-03-06 22:05:00'),
  (13, 5, 7, 0, '2026-02-01 11:05:00', '2026-02-01 11:05:00'),
  (14, 5, 8, 0, '2026-02-19 19:25:00', '2026-02-19 19:25:00'),
  (15, 6, 8, 0, '2026-01-29 15:40:00', '2026-01-29 15:40:00'),
  (16, 6, 15, 0, '2026-03-01 08:22:00', '2026-03-01 08:22:00'),
  (17, 6, 16, 0, '2026-03-21 21:18:00', '2026-03-21 21:18:00'),
  (18, 7, 14, 0, '2026-02-11 18:14:00', '2026-02-11 18:14:00'),
  (19, 7, 13, 0, '2026-03-10 20:40:00', '2026-03-10 20:40:00'),
  (20, 8, 3, 0, '2026-02-08 13:05:00', '2026-02-08 13:05:00'),
  (21, 8, 7, 0, '2026-03-08 09:52:00', '2026-03-08 09:52:00'),
  (22, 9, 11, 0, '2026-02-27 22:08:00', '2026-02-27 22:08:00'),
  (23, 9, 16, 0, '2026-03-14 17:26:00', '2026-03-14 17:26:00'),
  (24, 10, 5, 0, '2026-02-13 10:45:00', '2026-02-13 10:45:00'),
  (25, 10, 16, 0, '2026-03-19 12:18:00', '2026-03-19 12:18:00');

-- 12. 浏览记录
INSERT INTO `user_spot_view`
  (`id`, `user_id`, `spot_id`, `view_source`, `view_duration`, `created_at`)
VALUES
  (1, 1, 1, 'home', 214, '2026-03-28 20:11:00'),
  (2, 1, 2, 'guide', 165, '2026-03-28 20:20:00'),
  (3, 1, 9, 'search', 238, '2026-03-29 08:45:00'),
  (4, 1, 14, 'recommendation', 176, '2026-03-30 21:15:00'),
  (5, 1, 5, 'detail', 142, '2026-04-01 19:40:00'),
  (6, 1, 11, 'home', 118, '2026-04-03 22:06:00'),
  (7, 2, 5, 'home', 252, '2026-03-27 07:58:00'),
  (8, 2, 6, 'detail', 132, '2026-03-27 08:12:00'),
  (9, 2, 16, 'recommendation', 204, '2026-03-29 21:08:00'),
  (10, 2, 15, 'guide', 151, '2026-03-30 10:25:00'),
  (11, 2, 11, 'search', 149, '2026-04-02 18:14:00'),
  (12, 2, 4, 'home', 125, '2026-04-04 20:16:00'),
  (13, 3, 1, 'search', 219, '2026-03-26 09:10:00'),
  (14, 3, 9, 'guide', 247, '2026-03-26 09:26:00'),
  (15, 3, 13, 'recommendation', 164, '2026-03-31 22:05:00'),
  (16, 3, 14, 'detail', 157, '2026-04-01 14:12:00'),
  (17, 3, 5, 'home', 143, '2026-04-03 07:42:00'),
  (18, 3, 10, 'search', 129, '2026-04-04 23:18:00'),
  (19, 4, 3, 'home', 286, '2026-03-25 20:03:00'),
  (20, 4, 12, 'recommendation', 231, '2026-03-25 20:40:00'),
  (21, 4, 4, 'guide', 145, '2026-03-28 21:30:00'),
  (22, 4, 11, 'detail', 134, '2026-03-30 19:55:00'),
  (23, 4, 7, 'home', 152, '2026-04-02 08:25:00'),
  (24, 4, 16, 'recommendation', 188, '2026-04-04 18:42:00'),
  (25, 5, 7, 'home', 201, '2026-03-24 10:11:00'),
  (26, 5, 8, 'detail', 174, '2026-03-24 10:26:00'),
  (27, 5, 5, 'search', 163, '2026-03-29 18:10:00'),
  (28, 5, 15, 'recommendation', 147, '2026-03-31 12:03:00'),
  (29, 5, 1, 'guide', 156, '2026-04-02 20:54:00'),
  (30, 5, 9, 'home', 189, '2026-04-04 11:48:00'),
  (31, 6, 8, 'home', 233, '2026-03-24 08:50:00'),
  (32, 6, 15, 'search', 161, '2026-03-24 09:12:00'),
  (33, 6, 16, 'recommendation', 177, '2026-03-28 21:08:00'),
  (34, 6, 7, 'detail', 148, '2026-03-31 18:25:00'),
  (35, 6, 5, 'guide', 169, '2026-04-01 07:35:00'),
  (36, 6, 3, 'home', 195, '2026-04-03 19:46:00'),
  (37, 7, 14, 'home', 182, '2026-03-22 21:14:00'),
  (38, 7, 13, 'search', 144, '2026-03-23 09:20:00'),
  (39, 7, 1, 'guide', 196, '2026-03-28 22:11:00'),
  (40, 7, 9, 'detail', 215, '2026-03-30 16:28:00'),
  (41, 7, 16, 'recommendation', 172, '2026-04-02 12:32:00'),
  (42, 7, 10, 'home', 128, '2026-04-04 20:03:00'),
  (43, 8, 3, 'home', 278, '2026-03-23 14:05:00'),
  (44, 8, 7, 'recommendation', 184, '2026-03-23 14:32:00'),
  (45, 8, 12, 'detail', 203, '2026-03-29 20:10:00'),
  (46, 8, 5, 'guide', 146, '2026-03-31 09:42:00'),
  (47, 8, 11, 'search', 132, '2026-04-02 18:28:00'),
  (48, 8, 4, 'home', 125, '2026-04-04 21:17:00'),
  (49, 9, 11, 'home', 205, '2026-03-26 19:20:00'),
  (50, 9, 16, 'recommendation', 191, '2026-03-27 08:15:00'),
  (51, 9, 4, 'detail', 139, '2026-03-30 21:40:00'),
  (52, 9, 15, 'guide', 155, '2026-04-01 10:24:00'),
  (53, 9, 5, 'search', 171, '2026-04-03 11:35:00'),
  (54, 9, 3, 'home', 210, '2026-04-04 17:12:00'),
  (55, 10, 16, 'home', 224, '2026-03-25 08:45:00'),
  (56, 10, 5, 'search', 178, '2026-03-25 09:08:00'),
  (57, 10, 11, 'detail', 144, '2026-03-31 19:16:00'),
  (58, 10, 3, 'recommendation', 189, '2026-04-01 21:05:00'),
  (59, 10, 14, 'guide', 153, '2026-04-03 08:42:00'),
  (60, 10, 15, 'home', 126, '2026-04-04 09:33:00');

-- 13. 评论
INSERT INTO `user_spot_review`
  (`id`, `user_id`, `spot_id`, `score`, `comment`, `is_deleted`, `created_at`, `updated_at`)
VALUES
  (1, 1, 1, 5, '故宫适合预留半天以上慢慢看，珍宝馆和钟表馆都值得单独安排时间。', 0, '2026-01-18 17:30:00', '2026-01-18 17:30:00'),
  (2, 3, 1, 5, '第二次去依然很震撼，路线规划好以后体验会明显更顺。', 0, '2026-02-06 19:10:00', '2026-02-06 19:10:00'),
  (3, 7, 1, 4, '建筑细节非常多，但热门时段人流确实大，建议工作日一早进。', 0, '2026-03-30 18:40:00', '2026-03-30 18:40:00'),
  (4, 1, 2, 5, '湖景和长廊都很经典，带父母同行也很合适。', 0, '2026-02-12 14:20:00', '2026-02-12 14:20:00'),
  (5, 2, 2, 4, '景区很大，建议提前决定走东宫门还是北宫门。', 0, '2026-03-03 16:12:00', '2026-03-03 16:12:00'),
  (6, 5, 2, 4, '园林景观舒服，春秋天气合适时体验最好。', 0, '2026-03-26 20:06:00', '2026-03-26 20:06:00'),
  (7, 4, 3, 5, '项目完成度很高，烟花秀和巡游都值得看。', 0, '2026-02-18 22:15:00', '2026-02-18 22:15:00'),
  (8, 8, 3, 4, '带孩子玩得很开心，但热门项目排队时间偏长。', 0, '2026-03-08 20:22:00', '2026-03-08 20:22:00'),
  (9, 10, 3, 5, '园区氛围非常完整，适合专门安排一整天。', 0, '2026-03-29 21:08:00', '2026-03-29 21:08:00'),
  (10, 4, 4, 4, '夜景稳定发挥，第一次来上海几乎不会踩雷。', 0, '2026-02-21 21:35:00', '2026-02-21 21:35:00'),
  (11, 9, 4, 5, '晚上散步很舒服，和陆家嘴隔江相望的视角很经典。', 0, '2026-03-30 22:12:00', '2026-03-30 22:12:00'),
  (12, 2, 5, 5, '西湖更适合慢慢走，清晨和傍晚的观感差异很有意思。', 0, '2026-01-26 17:00:00', '2026-01-26 17:00:00'),
  (13, 5, 5, 4, '免费开放确实友好，推荐避开周末核心景点。', 0, '2026-02-28 18:25:00', '2026-02-28 18:25:00'),
  (14, 10, 5, 5, '适合住在湖滨一带，步行和短途骑行都很舒服。', 0, '2026-03-25 19:42:00', '2026-03-25 19:42:00'),
  (15, 2, 6, 4, '环境清幽，早一点去人少很多，适合慢慢逛。', 0, '2026-02-10 15:20:00', '2026-02-10 15:20:00'),
  (16, 6, 6, 5, '寺院和山林结合得很好，氛围感很强。', 0, '2026-03-11 17:10:00', '2026-03-11 17:10:00'),
  (17, 5, 7, 5, '早上大熊猫确实更活跃，亲子体验很好。', 0, '2026-02-05 16:30:00', '2026-02-05 16:30:00'),
  (18, 8, 7, 4, '园区很大，建议带水和轻便零食。', 0, '2026-03-09 18:06:00', '2026-03-09 18:06:00'),
  (19, 4, 7, 5, '第一次来成都非常推荐，出片率也很高。', 0, '2026-03-28 20:15:00', '2026-03-28 20:15:00'),
  (20, 5, 8, 5, '既能看工程又能看自然景观，讲解服务很值得。', 0, '2026-02-22 14:05:00', '2026-02-22 14:05:00'),
  (21, 6, 8, 4, '适合和青城山搭配，单独去也不会无聊。', 0, '2026-03-23 17:32:00', '2026-03-23 17:32:00'),
  (22, 1, 9, 5, '现场震撼感很强，建议认真听讲解，不然信息会流失很多。', 0, '2026-02-14 18:00:00', '2026-02-14 18:00:00'),
  (23, 3, 9, 5, '历史感拉满，博物馆动线也比较清晰。', 0, '2026-02-26 16:48:00', '2026-02-26 16:48:00'),
  (24, 5, 9, 4, '值得去，但节假日客流明显偏大，建议早到。', 0, '2026-03-20 19:35:00', '2026-03-20 19:35:00'),
  (25, 3, 10, 4, '重庆味道很足，适合夜拍，不过热门时间段比较挤。', 0, '2026-03-04 21:14:00', '2026-03-04 21:14:00'),
  (26, 7, 10, 3, '夜景不错，但商业化比较重，人多的时候节奏会乱。', 0, '2026-03-30 22:36:00', '2026-03-30 22:36:00'),
  (27, 2, 11, 5, '夜景非常好，塔上看城市线条很完整。', 0, '2026-02-24 21:15:00', '2026-02-24 21:15:00'),
  (28, 8, 11, 4, '排队可接受，适合和珠江夜游组合安排。', 0, '2026-03-18 19:48:00', '2026-03-18 19:48:00'),
  (29, 9, 11, 5, '城市地标感很强，夜间灯光效果非常稳。', 0, '2026-03-27 22:05:00', '2026-03-27 22:05:00'),
  (30, 4, 12, 4, '项目多但热门时段排队明显，建议优先大项目。', 0, '2026-02-26 20:20:00', '2026-02-26 20:20:00'),
  (31, 8, 12, 4, '适合安排整天，夜场氛围也不错。', 0, '2026-03-21 21:30:00', '2026-03-21 21:30:00'),
  (32, 10, 12, 5, '年轻人组团去会很开心，项目密度比较高。', 0, '2026-04-01 22:08:00', '2026-04-01 22:08:00'),
  (33, 3, 13, 4, '夜游氛围感不错，适合边走边吃。', 0, '2026-03-16 20:18:00', '2026-03-16 20:18:00'),
  (34, 7, 13, 4, '周边街区很热闹，拍夜景也容易出片。', 0, '2026-03-29 21:44:00', '2026-03-29 21:44:00'),
  (35, 1, 14, 5, '园林层次很细，适合静下来慢慢看。', 0, '2026-03-15 15:10:00', '2026-03-15 15:10:00'),
  (36, 7, 14, 5, '比预期更耐看，适合半天以上安排。', 0, '2026-03-25 16:22:00', '2026-03-25 16:22:00'),
  (37, 10, 14, 4, '人多时会稍微影响节奏，但整体仍然很值得。', 0, '2026-04-02 17:18:00', '2026-04-02 17:18:00'),
  (38, 6, 15, 4, '适合轻松散步，天气好的时候非常舒服。', 0, '2026-03-12 18:05:00', '2026-03-12 18:05:00'),
  (39, 9, 15, 5, '作为城市休闲点很合格，适合拍照和吹风。', 0, '2026-03-31 19:52:00', '2026-03-31 19:52:00'),
  (40, 2, 16, 5, '步行体验很好，老建筑和海边氛围都很喜欢。', 0, '2026-02-20 17:40:00', '2026-02-20 17:40:00'),
  (41, 9, 16, 4, '更适合轻松逛，不建议赶行程。', 0, '2026-03-22 18:28:00', '2026-03-22 18:28:00'),
  (42, 10, 16, 4, '海岛节奏感很好，适合放慢脚步。', 0, '2026-03-30 16:50:00', '2026-03-30 16:50:00');

-- 14. 订单
-- 状态：0-待支付，1-已支付，2-已取消，3-已退款，4-已完成
INSERT INTO `order`
  (`id`, `order_no`, `user_id`, `spot_id`, `quantity`, `total_amount`, `status`, `visit_date`,
   `contact_name`, `contact_phone`, `paid_at`, `cancelled_at`, `refunded_at`, `completed_at`,
   `is_deleted`, `created_at`, `updated_at`)
VALUES
  (1, 'ORD202602010001', 1, 1, 2, 120.00, 4, '2026-02-09', '林舟', '13800000001', '2026-02-01 09:15:00', NULL, NULL, '2026-02-09 18:20:00', 0, '2026-02-01 09:10:00', '2026-02-09 18:20:00'),
  (2, 'ORD202602050001', 2, 5, 2, 0.00, 4, '2026-02-16', '陈溪', '13800000002', '2026-02-05 08:50:00', NULL, NULL, '2026-02-16 20:30:00', 0, '2026-02-05 08:45:00', '2026-02-16 20:30:00'),
  (3, 'ORD202602080001', 4, 3, 3, 1425.00, 4, '2026-02-18', '温宁', '13800000004', '2026-02-08 11:05:00', NULL, NULL, '2026-02-18 22:00:00', 0, '2026-02-08 11:00:00', '2026-02-18 22:00:00'),
  (4, 'ORD202602100001', 5, 7, 2, 110.00, 4, '2026-02-17', '江月', '13800000005', '2026-02-10 07:40:00', NULL, NULL, '2026-02-17 17:15:00', 0, '2026-02-10 07:35:00', '2026-02-17 17:15:00'),
  (5, 'ORD202602120001', 1, 9, 1, 120.00, 4, '2026-02-21', '林舟', '13800000001', '2026-02-12 10:02:00', NULL, NULL, '2026-02-21 18:40:00', 0, '2026-02-12 10:00:00', '2026-02-21 18:40:00'),
  (6, 'ORD202602140001', 3, 9, 2, 240.00, 4, '2026-02-25', '苏禾', '13800000003', '2026-02-14 13:36:00', NULL, NULL, '2026-02-25 19:10:00', 0, '2026-02-14 13:30:00', '2026-02-25 19:10:00'),
  (7, 'ORD202602160001', 8, 3, 2, 950.00, 4, '2026-02-28', '可可妈', '13800000008', '2026-02-16 20:15:00', NULL, NULL, '2026-02-28 21:30:00', 0, '2026-02-16 20:10:00', '2026-02-28 21:30:00'),
  (8, 'ORD202602180001', 2, 16, 2, 70.00, 4, '2026-03-02', '陈溪', '13800000002', '2026-02-18 15:06:00', NULL, NULL, '2026-03-02 17:50:00', 0, '2026-02-18 15:00:00', '2026-03-02 17:50:00'),
  (9, 'ORD202602200001', 6, 8, 2, 160.00, 4, '2026-03-01', '程野', '13800000006', '2026-02-20 09:05:00', NULL, NULL, '2026-03-01 18:00:00', 0, '2026-02-20 09:00:00', '2026-03-01 18:00:00'),
  (10, 'ORD202602220001', 9, 11, 2, 300.00, 4, '2026-03-04', '阿曜', '13800000009', '2026-02-22 19:22:00', NULL, NULL, '2026-03-04 22:10:00', 0, '2026-02-22 19:15:00', '2026-03-04 22:10:00'),
  (11, 'ORD202602240001', 7, 14, 1, 80.00, 4, '2026-03-06', '言午', '13800000007', '2026-02-24 18:20:00', NULL, NULL, '2026-03-06 16:40:00', 0, '2026-02-24 18:16:00', '2026-03-06 16:40:00'),
  (12, 'ORD202602260001', 10, 16, 2, 70.00, 4, '2026-03-08', 'Mina', '13800000010', '2026-02-26 11:35:00', NULL, NULL, '2026-03-08 19:00:00', 0, '2026-02-26 11:30:00', '2026-03-08 19:00:00'),
  (13, 'ORD202603010001', 4, 12, 2, 460.00, 1, '2026-04-12', '温宁', '13800000004', '2026-03-01 10:15:00', NULL, NULL, NULL, 0, '2026-03-01 10:10:00', '2026-03-01 10:15:00'),
  (14, 'ORD202603020001', 1, 14, 2, 160.00, 1, '2026-04-16', '林舟', '13800000001', '2026-03-02 21:08:00', NULL, NULL, NULL, 0, '2026-03-02 21:00:00', '2026-03-02 21:08:00'),
  (15, 'ORD202603040001', 5, 1, 3, 180.00, 1, '2026-04-20', '江月', '13800000005', '2026-03-04 08:46:00', NULL, NULL, NULL, 0, '2026-03-04 08:40:00', '2026-03-04 08:46:00'),
  (16, 'ORD202603060001', 8, 7, 3, 165.00, 1, '2026-04-18', '可可妈', '13800000008', '2026-03-06 12:05:00', NULL, NULL, NULL, 0, '2026-03-06 12:00:00', '2026-03-06 12:05:00'),
  (17, 'ORD202603080001', 9, 16, 2, 70.00, 1, '2026-04-26', '阿曜', '13800000009', '2026-03-08 17:25:00', NULL, NULL, NULL, 0, '2026-03-08 17:20:00', '2026-03-08 17:25:00'),
  (18, 'ORD202603100001', 2, 11, 1, 150.00, 0, '2026-04-22', '陈溪', '13800000002', NULL, NULL, NULL, NULL, 0, '2026-03-10 20:35:00', '2026-03-10 20:35:00'),
  (19, 'ORD202603120001', 3, 13, 2, 0.00, 0, '2026-04-19', '苏禾', '13800000003', NULL, NULL, NULL, NULL, 0, '2026-03-12 15:08:00', '2026-03-12 15:08:00'),
  (20, 'ORD202603140001', 6, 15, 2, 0.00, 0, '2026-04-15', '程野', '13800000006', NULL, NULL, NULL, NULL, 0, '2026-03-14 07:52:00', '2026-03-14 07:52:00'),
  (21, 'ORD202603160001', 10, 5, 2, 0.00, 0, '2026-04-11', 'Mina', '13800000010', NULL, NULL, NULL, NULL, 0, '2026-03-16 19:26:00', '2026-03-16 19:26:00'),
  (22, 'ORD202603180001', 4, 11, 2, 300.00, 2, '2026-03-29', '温宁', '13800000004', NULL, '2026-03-20 10:20:00', NULL, NULL, 0, '2026-03-18 09:45:00', '2026-03-20 10:20:00'),
  (23, 'ORD202603200001', 7, 9, 1, 120.00, 2, '2026-04-02', '言午', '13800000007', NULL, '2026-03-22 13:32:00', NULL, NULL, 0, '2026-03-20 13:10:00', '2026-03-22 13:32:00'),
  (24, 'ORD202603220001', 1, 3, 2, 950.00, 3, '2026-04-05', '林舟', '13800000001', '2026-03-22 18:06:00', NULL, '2026-03-25 09:20:00', NULL, 0, '2026-03-22 18:00:00', '2026-03-25 09:20:00'),
  (25, 'ORD202603240001', 5, 12, 1, 230.00, 3, '2026-04-07', '江月', '13800000005', '2026-03-24 11:12:00', NULL, '2026-03-27 16:40:00', NULL, 0, '2026-03-24 11:05:00', '2026-03-27 16:40:00'),
  (26, 'ORD202603260001', 9, 11, 1, 150.00, 3, '2026-04-09', '阿曜', '13800000009', '2026-03-26 19:48:00', NULL, '2026-03-29 10:15:00', NULL, 0, '2026-03-26 19:40:00', '2026-03-29 10:15:00');
